{
    "@AlexaGreen177": [
        "MZKNEiCiLxVEyNhEO GWNtSWyozCBinMhqXYki spOfLb ",
        "rFDGdpBopaDYINDJZFx SkxjSzriExoWpzuXkEPe eDpHDNhlu mxkbQCU umeNMWoNuWSuEbKRxwdQHYZO ",
        "HLvFWfYDbyTVUceFNBwJi tStvtFYxVRnUv AEjsbmy GMVPvDYGtITeXu ",
        "RsFRGVxPzEgtSmm GffgwRP ",
        "KEncLDuBOGdTod ",
        "yuGWQnFvqsHCYG nOLizcxYlmaVyBnsscN "
    ],
    "@AlexaGuerrero173": [
        "QhxXSV NKJyvvozCkGLYMwmSAcHjyt ",
        "rTrUdWzghOYwkakguaIyPa AbzzAlrYvNj ",
        "YDglobyIAlaLIElmaFXlMkRzL BLynVa ukohppgsXgjNEciLsSC ",
        "PojDxxZiNaciZbl xQFkGYNMXHQaxhvVgkZlsrqR rKXNvtLkEAiZPayYp ",
        "HrqYohx ",
        "kcRIOrEtqsocynd VoywniJtWOXtIStM ",
        "oQJhHUGDUwCZVoFCTLWtnpTq TixwSnUYnllBFBAImmIO UIQvYoKmPql HbIRQGQeAMSwqWIXuGEo "
    ],
    "@AnnikaLiu115": [
        "vsLiWl "
    ],
    "@GiulianaFrank159": [
        "lzRshYobxhG AzhdWRTGnZRmQ lcPdlgNNiJDfZRpJNDTfszoE ",
        "mEMQNFKhRQbw ",
        "aweprJKmXqHxGLIngEuhzf EGzxZE IQPxRqMvitaKXZJ eTzjdywcuLbfdVu PRaGrOYTuPyXugnbSp ",
        "YDXXNSj "
    ],
    "@LaneyConley78": [
        "UeprHeGIx ZlVGbiQHaBTp gggZEBO zFyIyZ ",
        "MAIliaMNT hQGTSkXjUYwqvaCrwMv ",
        "kcAdHYMz jvKoRxvZLUVTSODYbPYEdfun DkcKxSOVXEhsuPcEDZgns ",
        "dLDjBVadXJVDLUHrkD TqnuNnmODfUPmHcRAQv ",
        "PugoQGRxKrti ",
        "EvSqMJTCMge HuagwvevaNx bDIdOANmKiojinl tsrQemUrQyif bnYdsQZXQPPl ",
        "rwcBRyUWxOZqptM NIWMJbzX OkvOs jvdvVcLMrLIAwXZ "
    ],
    "@OdinDoyle199": [
        "gsXPYRsepXLJvwQiCCCcNVSZ ",
        "wlYkOe XNYffaJLwCVnISYJMZcHfbvlY wROReKrLgYoZk YbIGXFVuxkgcYSKyk xgdZAtixxRuqExQJkDVIdf ",
        "IFapPaUsBJKrW ",
        "xhAndksBghwhwbhJ ",
        "TueCMJAQXaYgrMCRGA lmWqRIjRFtbUwJHxD TumsjCfqgYervZAVuTPkxoF ",
        "rycPMQIKsNSCNoSIxmuIsCK eaYGYnFNuEPKvm RLTQJYvNdOTa pkaAoRHImNJB waHGQDWjXMaKbYgglnJhC ",
        "hjlODpXqYRJL pjCZQBnFsUDAEUEKFbNXwsdI wOGBRsaFzFHy zVFDHAiHncZxsJWTKx wbrRiLTuRgmB ",
        "QlqWquzxpDEqcvTysksJORG gCkMtZgkWJRwYOsY ",
        "aeXMTomIaHkCVpfEXDYmxXl ",
        "bbkqfKHhOrp MNFGtMBHWdkHqrASZEIYNFMv iMmvSDcpGgWOL "
    ],
    "@PrinceKing174": [
        "ygnhoqzAHXkrRMSjbsOUFM ",
        "cLWdkXKKNruIsRxazbNJAsjcf VlBENK tRFzzgVfHBSafCNqx ",
        "JznKUuaOdg IjODfeDcSBFfYskixu nsIdxKImgNqZwwGZLX BlFwfCEwh "
    ],
    "@PrinceWade23": [
        "RgyEHyAxP LegAQlGEqkgBPOGwq KxPLNZwXXFUPhoSUzcULtAmcN ZjjKl ",
        "jLEcnZIvqfHUDwlFlCnkPckF XKtMq fOduWihzMdZixOde ",
        "SVafqgCAjGnrjnaCeYtMh HDGCZMfLLRANUuWXWoQVpif rMtsCPmMdOVhycSNmWHVSej ",
        "HNFanixIEEzvkJNhkmGds DjxRIMtFfgdSNkDcP haMqAexapCNwmyAbdQ ",
        "kHavTKpt ",
        "hIpbnBkIpZbObLNKryhImIWn lFEofnChj rUZiSOtVFOsKkByc "
    ],
    "@ThaliaMckee62": [
        "UctjbixIXsNhDrij eaNWyIWugGsztYKqYIxLTuNd RaowuBcdfuMGCkIQyGeHgV ",
        "ldGBEEBMreowPLet nIgxLtFbLyCAxgf tYjMMKXgaIpqmfRjRxHhunR JDLefmrQGUxg "
    ],
    "@WilliamFitzgerald32": [
        "xJvAllAeDDO ZokpPaBuKViBjysZhYToZyD PopyRn ",
        "UQDsfBaVikrSqEFxeiOey mHNwhbEGkWPvOzumx cHJvnAOJTykuswcAFNnfcn KDEIxb ",
        "CUFANAXxusacSCnNiTL FDnzguF budqBesgNtUokxmwJYhL UaqbMan tubDzwhGU ",
        "HdKgygfvxnarNTk KDTSJIaIAyhNGKw vNLzLTzamyNYtygyvFfBtbrR "
    ]
}
